Projeto;;Ano;;Tipo;;Autor;;Ementa;;Situação
4453;   ;2021;;Mensagem do Executivo (Projeto de Lei);;Executivo;;Institui o Programa Auxílio-Moradia no Município de Juiz de Fora e dá outras providências.;;Em Tramitação
;;;;;;;;;;
4452;   ;2021;;Mensagem do Executivo (Projeto de Lei);;Executivo;;Revoga a Lei nº 10.988, de 19 de setembro de 2005 e dispõe sobre a organização, objetivos e estrutura da Fundação Museu Mariano Procópio - MAPRO.;;Em Tramitação
;;;;;;;;;;
4451;   ;2021;;Mensagem do Executivo (Projeto de Lei);;Executivo;;Dispõe sobre as diretrizes para elaboração e execução da Lei Orçamentária para o exercício financeiro de 2022 e dá outras providências.;;Em Tramitação
;;;;;;;;;;
4450;   ;2021;;Mensagem do Executivo (Projeto de Lei);;Executivo;;Autoriza o remanejamento na Lei nº 14.143, de 29 de dezembro de 2020, no valor de R$ 464.876,00 e dá outras providências.;;Em Tramitação
;;;;;;;;;;
4449;   ;2021;;Mensagem do Executivo (Projeto de Lei);;Executivo;;Autoriza a inclusão de entidade a Lei Municipal nº 14.180, de 17 de maio de 2021.;;Em Tramitação
;;;;;;;;;;
4448;   ;2021;;Mensagem do Executivo (Projeto de Lei);;Executivo;;Revoga a Lei nº13.749/2018 e dispõe sobre a concessão de direito real de uso dos imóveis que menciona.;;Em Tramitação
;;;;;;;;;;
4447;   ;2021;;Mensagem do Executivo (Projeto de Lei);;Executivo;;Dispõe sobre a autorização, na forma do art. 37, X, da Constituição Federal, para a revisão geral anual dos vencimentos, salários, gratificações, adicionais, proventos de aposentadorias e pensões dos servidores públicos municipais, subsídios mensais fixados no art. 1° da Lei n° 12.462, de 02 de janeiro de 2012, e dá outras providências.;;Transformado em Norma Jurídica
;;;;;;;;;;
4446;   ;2021;;Mensagem do Executivo (Projeto de Lei);;Executivo;;Institui a Assistência Técnica Pública para Habitação de Interesse Social voltada à população de baixa renda e dá outras providências.;;Em Tramitação
;;;;;;;;;;
4445;   ;2021;;Mensagem do Executivo (Projeto de Lei);;Executivo;;Reconstitui o Conselho Municipal de Habitação de Juiz de Fora - CMH/JF, revoga a Lei nº 9597, de 27 de setembro de 1999 e dá outras providências.;;Em Tramitação
;;;;;;;;;;
4444;   ;2021;;Mensagem do Executivo (Projeto de Lei);;Executivo;;Reduz, por tempo certo, a alíquota de ISSQN para empresas que operam como Unidade Central de Atendimento (Call Center);;Transformado em Norma Jurídica
;;;;;;;;;;
4442;   ;2021;;Mensagem do Executivo (Projeto de Lei);;Executivo;;Dispõe sobre a criação do Conselho Municipal de Acompanhamento e Controle Social do Fundo de Manutenção e Desenvolvimento da Educação Básica e de Valorização dos Profissionais da Educação - CACS-Fundeb, em conformidade com a Lei Federal n° 14.113, de 25 de dezembro de 2020, e revoga a Lei Municipal n° 11.386, de 11 de julho de 2007, com suas alterações.;;Transformado em Norma Jurídica
;;;;;;;;;;
4441;   ;2021;;Mensagem do Executivo (Projeto de Lei);;Executivo;;Autoriza o Município de Juiz de Fora a participar do Consórcio Intermunicipal Multifinalitário do Vale do Paraibuna CIMPAR e dá outras providências.;;Transformado em Norma Jurídica
;;;;;;;;;;
4440;   ;2021;;Mensagem do Executivo (Projeto de Lei);;Executivo;;Modifica critérios de concessão do vale/ticket alimentação, altera a Lei nº 12.321, de 14 de julho de 2011.;;Transformado em Norma Jurídica
;;;;;;;;;;
4438;   ;2021;;Mensagem do Executivo (Projeto de Lei);;Executivo;;Institui o Programa Especial de Auxílio-Moradia no Município de Juiz de Fora;;Arquivada
;;;;;;;;;;
4437;   ;2021;;Mensagem do Executivo (Projeto de Lei);;Executivo;;Estabelece critérios excepcionais para quitação dos débitos de natureza tributária e não tributária e dá outras providências.;;Transformado em Norma Jurídica
;;;;;;;;;;
4436;   ;2021;;Mensagem do Executivo (Projeto de Lei);;Executivo;;Dispõe sobre alteração dos prazos de incentivos da Lei nº 13.929 - de 18 de setembro de 2019, que dispõe sobre o Cadastramento Digital no Município de Juiz de Fora e dá outras Providências;;Transformado em Norma Jurídica
;;;;;;;;;;
4435;   ;2021;;Mensagem do Executivo (Projeto de Lei);;Executivo;;Institui o Plano Municipal de Segurança Urbana e Cidadania de Juiz de Fora/MG.;;Em Tramitação
;;;;;;;;;;
4434;   ;2021;;Mensagem do Executivo (Projeto de Lei);;Executivo;;Altera as Leis Municipais nº 11.934, de 30 de dezembro de 2009, que Dispõe sobre a reorganização do Sistema Municipal de Proteção e Defesa do Consumidor, disciplina as competências do Conselho Municipal de Defesa do Consumidor e dá outras providências e nº 10.589, de 21 de novembro de 2003, que Dispõe sobre a Criação, Objetivos, Organização e Estrutura da Agência de Proteção e Defesa do Consumidor de Juiz de Fora - PROCON/JF, fixa princípios e diretrizes de gestão e dá outras providências.;;Em Tramitação
;;;;;;;;;;
4433;   ;2021;;Mensagem do Executivo (Projeto de Lei);;Executivo;;Ratifica o Protocolo de Intenções firmado entre os Municípios brasileiros, com a finalidade de adquirir vacinas para o combate à pandemia do Coronavírus (COVID-19), medicamentos, insumos e equipamentos na área de saúde.;;Transformado em Norma Jurídica
;;;;;;;;;;
4432;   ;2021;;Mensagem do Executivo (Projeto de Lei);;Executivo;;Altera a Lei nº 14.159, de 31 de janeiro de 2021.;;Transformado em Norma Jurídica
;;;;;;;;;;
4431;   ;2021;;Mensagem do Executivo (Projeto de Lei);;Executivo;;Autoriza a Concessão de Subvenções de caráter social, Assistencial, Educacional e/ou Cultural para o exercício financeiro de 2021.;;Transformado em Norma Jurídica
;;;;;;;;;;
4430;   ;2021;;Mensagem do Executivo (Projeto de Lei);;Executivo;;Autoriza o dispêndio de contribuições para o exercício financeiro de 2021.;;Transformado em Norma Jurídica
;;;;;;;;;;
4429;   ;2021;;Mensagem do Executivo (Projeto de Lei);;Executivo;;Altera a Lei Municipal nº 14.158, de 18 de janeiro de 2021.;;Em Tramitação
;;;;;;;;;;
4428;   ;2021;;Mensagem do Executivo (Projeto de Lei);;Executivo;;Altera a Lei nº 9.212, de 27 de janeiro de 1998, a Lei nº 10.589, de 21 de novembro de 2003 e a Lei nº 13.830, de 31 de janeiro de 2019.;;Transformado em Norma Jurídica
;;;;;;;;;;
4427;   ;2020;;Mensagem do Executivo (Projeto de Lei);;Executivo;;Dispõe sobre a Política Municipal de Turismo e dá outra providências.;;Arquivada
;;;;;;;;;;
4423;   ;2020;;Mensagem do Executivo (Projeto de Lei);;Executivo;;Mantém as delimitações das áreas isotimas aprovadas através da Lei nº 13.990, de 30 de dezembro de 2019 e da outras providências.;;Transformado em Norma Jurídica
;;;;;;;;;;
4422;   ;2020;;Mensagem do Executivo (Projeto de Lei);;Executivo;;Altera a Lei Municipal nº 10.630, de 30 de dezembro de 2003, que Dispõe sobre o Imposto sobre Serviços de Qualquer Natureza - ISSQN e dá outras providências.;;Transformado em Norma Jurídica
;;;;;;;;;;
4420;   ;2020;;Mensagem do Executivo (Projeto de Lei);;Executivo;;"Altera a redação dos arts. 2º, incs. XII, XVI e XIX e §§ 1º, 3º e 5º; art. 4º inc. II; art. 8º, caput; art. 9º incs. II e VI e revoga o § 2º, do art. 5º da Lei nº 13.975, de 10 de dezembro de 2019.";;Transformado em Norma Jurídica
;;;;;;;;;;
4419;   ;2020;;Mensagem do Executivo (Projeto de Lei);;Executivo;;Estabelece medida transitória relativa à reabertura de prazo para prestação de contas referente ao abono fardamento da Guarda Municipal, previsto no art. 4º, da Lei nº 12.555, de 17 de maio de 2012, durante o período de enfrentamento à pandemia decorrente do Coronavírus (COVID-19).;;Transformado em Norma Jurídica
;;;;;;;;;;
4418;   ;2020;;Mensagem do Executivo (Projeto de Lei);;Executivo;;Disciplina o serviço remunerado e privado de transporte de passageiros para realização de viagens individualizadas ou compartilhadas solicitadas exclusivamente por usuários previamente cadastrados em aplicativos ou outras plataformas de comunicação em rede no âmbito do Município de Juiz de Fora.;;Arquivada
;;;;;;;;;;
4417;   ;2020;;Mensagem do Executivo (Projeto de Lei);;Executivo;;Dispõe sobre o serviço público de transporte individual de passageiros - Táxi no Município de Juiz de Fora e dá outras providências.;;Arquivada
;;;;;;;;;;
4416;   ;2020;;Mensagem do Executivo (Projeto de Lei);;Executivo;;Revoga a Lei nº 14.066, de 28 de julho de 2020.;;Arquivada
;;;;;;;;;;
4415;   ;2020;;Mensagem do Executivo (Projeto de Lei);;Executivo;;Estima a Receita e Fixa a Despesa do Município de Juiz de Fora para o Exercício Financeiro de 2021 e dá outras providências.;;Transformado em Norma Jurídica
;;;;;;;;;;
4414;   ;2020;;Mensagem do Executivo (Projeto de Lei);;Executivo;;Dispõe sobre a extinção da Empresa Regional de Habitação de Juiz de Fora S.A. -EMCASA. (Regime de Urgência);;Arquivada
;;;;;;;;;;
4413;   ;2020;;Mensagem do Executivo (Projeto de Lei);;Executivo;;Altera e acrescenta dispositivos à Lei nº 14.041, de 07 de fevereiro de 2020, que dispõe sobre a Concessão de Direito Real de Uso dos Imóveis que menciona.;;Transformado em Norma Jurídica
;;;;;;;;;;
4412;   ;2020;;Mensagem do Executivo (Projeto de Lei);;Executivo;;Altera a Lei nº 10.364, de 23 de dezembro de 2002, que Institui a contribuição para Custeio de Serviço de Iluminação Pública - CCSIP, e dá outras providências.;;Transformado em Norma Jurídica
;;;;;;;;;;
4410;   ;2020;;Mensagem do Executivo (Projeto de Lei);;Executivo;;Dispõe sobre prorrogação do mandato dos Diretores e Vice-Diretores escolares da Rede Municipal de Ensino.;;Transformado em Norma Jurídica
;;;;;;;;;;
4409;   ;2020;;Mensagem do Executivo (Projeto de Lei);;Executivo;;Dispõe sobre as diretrizes para a elaboração e execução da Lei Orçamentária para o Exercício financeiro de 2021 e dá outras providências.;;Transformado em Norma Jurídica
;;;;;;;;;;
4407;   ;2020;;Mensagem do Executivo (Projeto de Lei);;Executivo;;Dispõe sobre a denominação da escola municipal de educação infantil a ser construída no Bairro Marilândia. (Prefeito Agostinho Pestana);;Transformado em Norma Jurídica
;;;;;;;;;;
4406;   ;2020;;Mensagem do Executivo (Projeto de Lei);;Executivo;;Dispõe sobre os procedimentos emergenciais para aquisição, por meio de adiantamento, de bens, serviços e insumos destinados ao enfrentamento da emergência de saúde pública de importância internacional decorrente do novo Coronavírus (COVID-19).;;Arquivada
;;;;;;;;;;
4405;   ;2020;;Mensagem do Executivo (Projeto de Lei);;Executivo;;Dispõe sobre a alteração do prazo para pagamento dos tributos que menciona e dá outras providências.;;Transformado em Norma Jurídica
;;;;;;;;;;
4404;   ;2020;;Mensagem do Executivo (Projeto de Lei);;Executivo;;Dispõe sobre alterações e revogações nas Leis nos 4.755, de 17 de dezembro de 1974, 5.471, de 14 de setembro de 1978, 5.517, de 28 de novembro de 1978, 9.212, de 27 de janeiro de 1998, 10.589, de 21 de dezembro de 2003, 10.988, de 19 de setembro de 2005, 11.935, de 30 de dezembro de 2009 e 13.830, de 31 de janeiro de 2019 e dá outras providências.;;Transformado em Norma Jurídica
;;;;;;;;;;
4400;   ;2020;;Mensagem do Executivo (Projeto de Lei);;Executivo;;Dispõe sobre o Sistema de Transporte Coletivo Urbano no Município de Juiz de Fora e dá outras providências.;;Arquivada
;;;;;;;;;;
4399;   ;2020;;Mensagem do Executivo (Projeto de Lei);;Executivo;;Autoriza o Executivo Municipal a destinar os bens imóveis que menciona ao Regime Próprio de Previdência Social - RPPS do Município de Juiz de Fora, e dispõe sobre a alienação desses imóveis à Empresa Municipal de Pavimentação e Urbanização - EMPAV.;;Transformado em Norma Jurídica
;;;;;;;;;;
4398;   ;2020;;Mensagem do Executivo (Projeto de Lei);;Executivo;;Autoriza abertura de Crédito Especial no valor de 30.000.000,00 e dá outras providências.;;Transformado em Norma Jurídica
;;;;;;;;;;
4397;   ;2020;;Mensagem do Executivo (Projeto de Lei);;Executivo;;Dispõe sobre a destinação de parte da área pública que menciona.;;Arquivada
;;;;;;;;;;
4396;   ;2020;;Mensagem do Executivo (Projeto de Lei);;Executivo;;Autoriza a retrocessão do imóvel que menciona, revoga o Decreto nº 5.748, de 29 de outubro de 1996, e dá outras providências.;;Transformado em Norma Jurídica
;;;;;;;;;;
4395;   ;2020;;Mensagem do Executivo (Projeto de Lei);;Executivo;;Dispõe sobre a autorização para que o Município de Juiz de Fora conceda direito real resolúvel de uso de bem imóvel sobre o qual está edificado o Aeroporto Municipal Francisco Alvares de Assis e dá outras providências.;;Transformado em Norma Jurídica
;;;;;;;;;;
4394;   ;2019;;Mensagem do Executivo (Projeto de Lei);;;;Autoriza a Concessão de Subvenções de caráter Social, Assistencial, Educacional e/ou Cultural para o exercício financeiro de 2020.;;Transformado em Norma Jurídica
;;;;;;;;;;
4393;   ;2019;;Mensagem do Executivo (Projeto de Lei);;Executivo;;Autoriza do dispêndio de contribuições correntes para o exercício financeiro de 2020.;;Transformado em Norma Jurídica
;;;;;;;;;;
4392;   ;2019;;Mensagem do Executivo (Projeto de Lei);;Executivo;;Dispõe sobre o recebimento de doações de bens móveis e de serviços, sem ônus ou encargos, de pessoas físicas ou jurídicas de direito privado pelos órgãos e pelas entidades da administração pública direta, autárquica e fundacional.;;Transformado em Norma Jurídica
;;;;;;;;;;
4391;   ;2019;;Mensagem do Executivo (Projeto de Lei);;Executivo;;Dispõe sobre a extinção da participação do Município de Juiz de Fora na associação civil que menciona, disciplina a absorção de recursos humanos que se submeteram à regra do concurso público em quadro de pessoal extinto quando vagar, bem como altera dispositivos na Lei n° 10.513, de 18 de julho de 2003 e revoga as Leis nos 6.624, de 1° de novembro de 1984, 7.017, de 16 de dezembro de 1986 e 12.213, de 11 de janeiro de 2011 e dá outras providências.;;Transformado em Norma Jurídica
;;;;;;;;;;
4390;   ;2019;;Mensagem do Executivo (Projeto de Lei);;Executivo;;Dispõe sobre a desafetação e a alienação da área que menciona, autoriza a destinação de parte do produto da alienação ao Regime Próprio de Previdência Social - RPPS do Município de Juiz de Fora.;;Transformado em Norma Jurídica
;;;;;;;;;;
4389;   ;2019;;Mensagem do Executivo (Projeto de Lei);;Executivo;;Dispõe sobre desafetação de imóvel público e a subsequente permuta de imóveis que menciona, e dá outras providências.;;Arquivada
;;;;;;;;;;
4388;   ;2019;;Mensagem do Executivo (Projeto de Lei);;Executivo;;Mantém as delimitações das áreas isótimas aprovadas através da Lei nº 13.807, de 27 de dezembro de 2018 e dá outras providências.;;Transformado em Norma Jurídica
;;;;;;;;;;
4387;   ;2019;;Mensagem do Executivo (Projeto de Lei);;Executivo;;Dispõe sobre a autorização, na forma do art. 37, X, da Constituição Federal, para a revisão geral anual dos vencimentos, salários, gratificações, adicionais, proventos de aposentadorias e pensões dos servidores públicos municipais, subsídios mensais fixados no art. 1°, da Lei n° 12.462, de 02 de janeiro de 2012, e reajusta valor e limite do vale/ticket alimentação, criado pela Lei n° 11.168, de 22 de junho de 2006, e dá outras providências.;;Transformado em Norma Jurídica
;;;;;;;;;;
4385;   ;2019;;Mensagem do Executivo (Projeto de Lei);;Executivo;;Dispõe sobre a Concessão de Direito Real de Uso dos imóveis que menciona. Projeto de autoria do Executivo.;;Transformado em Norma Jurídica
;;;;;;;;;;
4384;   ;2019;;Mensagem do Executivo (Projeto de Lei);;Executivo;;Altera a Lei nº 13.939, de 04 de outubro de 2019, que “Estabelece critérios excepcionais para quitação dos débitos de natureza tributária e não tributária que menciona, e dá outras providências”.;;Transformado em Norma Jurídica
;;;;;;;;;;
4383;   ;2019;;Mensagem do Executivo (Projeto de Lei);;Executivo;;Estima Receita e Fixa a Despesa do Município de Juiz de Fora para o Exercício Financeiro de 2020 e dá outras providências.;;Transformado em Norma Jurídica
;;;;;;;;;;
4382;   ;2019;;Mensagem do Executivo (Projeto de Lei);;Executivo;;Estabelece critérios excepcionais para quitação dos débitos de natureza tributária e dá outra providências.;;Transformado em Norma Jurídica
;;;;;;;;;;
4380;   ;2019;;Mensagem do Executivo (Projeto de Lei);;Executivo;;Dispõe sobre a identificação das Unidades Executoras como Caixas Escolares da Rede Municipal de Ensino e a sobre a assistência financeira a ser concedida pelo Governo Federal e Município.;;Arquivada
;;;;;;;;;;
4378;   ;2019;;Mensagem do Executivo (Projeto de Lei);;Executivo;;Altera o inciso II, do Art. 10, da Lei Municipal n° 13.877, de 29 de maio de 2019.;;Transformado em Norma Jurídica
;;;;;;;;;;
4377;   ;2019;;Mensagem do Executivo (Projeto de Lei);;Executivo;;Altera a Lei nº 12.896, de 20 de dezembro de 2013, que dispõe sobre o parcelamento de débito no âmbito da Fazenda Municipal e dá outras providências.;;Transformado em Norma Jurídica
;;;;;;;;;;
4376;   ;2019;;Mensagem do Executivo (Projeto de Lei);;Executivo;;Dispõe sobre a desafetação e autoriza a alienação da área pública que menciona.;;Transformado em Norma Jurídica
;;;;;;;;;;
4375;   ;2019;;Mensagem do Executivo (Projeto de Lei);;Executivo;;Dispõe sobre a desafetação e a alienação do imóvel que menciona.;;Transformado em Norma Jurídica
;;;;;;;;;;
4374;   ;2019;;Mensagem do Executivo (Projeto de Lei);;Executivo;;"Dispõe sobre a criação do Conselho Municipal de Segurança Urbana e Cidadania - COMSUC/JF e dá outras providências; altera o art. 53, da Lei nº 13.830, de 31 de janeiro de 2019, que “Dispõe sobre a Organização e Estrutura do Poder Executivo do Município de Juiz de Fora, fixa princípios e diretrizes de gestão e dá outras providências”.";;Transformado em Norma Jurídica
;;;;;;;;;;
4373;   ;2019;;Mensagem do Executivo (Projeto de Lei);;Executivo;;Autoriza o Município de Juiz de Fora a contratar, com o Banco de Desenvolvimento de Minas Gerais S/A - BDMG, operações de crédito com outorga de garantia e dá outras providências.;;Transformado em Norma Jurídica
;;;;;;;;;;
4372;   ;2019;;Mensagem do Executivo (Projeto de Lei);;Executivo;;Dispõe sobre o Cadastramento Digital no Município de Juiz de Fora e dá outras providências.;;Transformado em Norma Jurídica
;;;;;;;;;;
4371;   ;2019;;Mensagem do Executivo (Projeto de Lei);;Executivo;;Dispõe sobre as diretrizes para a elaboração e execução da Lei Orçamentária para o exercício financeiro de 2020 e dá outras providências.;;Transformado em Norma Jurídica
;;;;;;;;;;
4370;   ;2019;;Mensagem do Executivo (Projeto de Lei);;Executivo;;Autoriza o recebimento em doação dos bens imóveis que menciona.;;Transformado em Norma Jurídica
;;;;;;;;;;
4369;   ;2019;;Mensagem do Executivo (Projeto de Lei);;Executivo;;Autoriza a inclusão e remuneração de sábados letivos complementares decorrentes da reorganização do Calendário Escolar para o ano letivo de 2019 e dá outras providências.;;Transformado em Norma Jurídica
;;;;;;;;;;
4368;   ;2019;;Mensagem do Executivo (Projeto de Lei);;Executivo;;Altera a Lei nº 8.056, de 27 de março de 1992, que “Dispõe sobre a Política Municipal de Atendimento dos Direitos da Criança e do Adolescente e dá outras providências” e a Lei nº 9.666, de 13 de dezembro de 1999, que “Dispõe sobre a função pública de Conselheiro Tutelar do Município de Juiz de Fora”, bem como dá outras providências.;;Arquivada
;;;;;;;;;;
4367;   ;2019;;Mensagem do Executivo (Projeto de Lei);;Executivo;;Dispõe sobre a criação de cargos nas carreiras de Auxiliar de Enfermagem, Cirurgião-Dentista e Técnico de Nível Superior - Enfermeiro, do Quadro de Servidores Municipais da Administração Direta do Município e dá outras providências.;;Transformado em Norma Jurídica
;;;;;;;;;;
4366;   ;2019;;Mensagem do Executivo (Projeto de Lei);;Executivo;;Altera dispositivos da Lei Nº 10.410, de 20 de março de 2003 e dá outras providências.;;Arquivada
;;;;;;;;;;
4365;   ;2019;;Mensagem do Executivo (Projeto de Lei);;Executivo;;Revoga a Lei n° 4.189, de 27 de outubro de 1972.;;Arquivada
;;;;;;;;;;
4364;   ;2019;;Mensagem do Executivo (Projeto de Lei);;Executivo;;Autoriza o município de Juiz de Fora a contratar a Operação de Crédito jundo à Caixa Econômica Federal, no âmbito do Programa FINISA (Financiamento para Infraestrutura e Saneamento), e dá outras providências.;;Transformado em Norma Jurídica
;;;;;;;;;;
4363;   ;2019;;Mensagem do Executivo (Projeto de Lei);;Executivo;;Dispõe sobre a autorização para o reajuste do valor do vale/ticket alimentação, criado pela Lei nº 11.168, de 22 de junho de 2006, e dá outras providências.;;Transformado em Norma Jurídica
;;;;;;;;;;
4362;   ;2019;;Mensagem do Executivo (Projeto de Lei);;Executivo;;Dispõe sobre a desafetação e a alienação do imóvel que menciona.;;Transformado em Norma Jurídica
;;;;;;;;;;
4361;   ;2019;;Mensagem do Executivo (Projeto de Lei);;Executivo;;Altera dispositivo da Lei nº 8.119, de 28 de julho de 1992.;;Transformado em Norma Jurídica
;;;;;;;;;;
4360;   ;2019;;Mensagem do Executivo (Projeto de Lei);;Executivo;;Autoriza o dispêndio de contribuições correntes para o exercício financeiro de 2019.;;Transformado em Norma Jurídica
;;;;;;;;;;
4359;   ;2019;;Mensagem do Executivo (Projeto de Lei);;Executivo;;Autoriza a Concessão de Subvenções de caráter Social, Assistencial, Educacional e/ou Cultural para o exercício financeiro de 2019.;;Transformado em Norma Jurídica
;;;;;;;;;;
4358;   ;2019;;Mensagem do Executivo (Projeto de Lei);;Executivo;;Revoga a Lei nº 8.564, de 21 de novembro de 1994, que dispõe sobre a doação de Bem Público Imóvel destinado à AMAS - Associação Metodista de Ação Social.;;Transformado em Norma Jurídica
;;;;;;;;;;
4357;   ;2019;;Mensagem do Executivo (Projeto de Lei);;Executivo;;Dispõe sobre a denominação de logradouro público (Largo do Riachuelo e Praça do Riachuelo).;;Transformado em Norma Jurídica
;;;;;;;;;;
4356;   ;2019;;Mensagem do Executivo (Projeto de Lei);;Executivo;;Autoriza desafetação e a incorporação das áreas que menciona ao patrimônio da Empresa Regional de Habitação de Juiz de Fora S.A. - EMCASA.;;Arquivada
;;;;;;;;;;
4355;   ;2019;;Mensagem do Executivo (Projeto de Lei);;Executivo;;Dispõe sobre a desafetação e a alienação, por investidura, da área pública municipal que menciona.;;Transformado em Norma Jurídica
;;;;;;;;;;
4352;   ;2018;;Mensagem do Executivo (Projeto de Lei);;Executivo;;Dispõe sobre a Organização e Estrutura do Poder Executivo do Município de Juiz de Fora, fixa princípios e diretrizes de gestão e dá outras providências.;;Transformado em Norma Jurídica
;;;;;;;;;;
4351;   ;2018;;Mensagem do Executivo (Projeto de Lei);;Executivo;;Altera a redação do art. 1º, da Lei nº 11.765, de 14 de maio de 2009, que Estabelece valor para os débitos judiciais da Fazenda Pública Municipal a serem pagos mediante Requisição de Pequeno Valor - RPV - pelos órgãos da Administração Direta e Indireta do Município de Juiz de Fora.;;Transformado em Norma Jurídica
;;;;;;;;;;
4350;   ;2018;;Mensagem do Executivo (Projeto de Lei);;Executivo;;Autoriza a abertura de Crédito Especial no valor de R$158.108.545,00 e dá outras providências.;;Transformado em Norma Jurídica
;;;;;;;;;;
4349;   ;2018;;Mensagem do Executivo (Projeto de Lei);;Executivo;;Dispõe sobre a instalação e utilização de caçambas estacionárias, o recolhimento e o transporte de resíduos da construção civil e resíduos volumosos no Município de Juiz de Fora e dá outras providências.;;Arquivada
;;;;;;;;;;
4348;   ;2018;;Mensagem do Executivo (Projeto de Lei);;Executivo;;Mantém as delimitações das áreas isótimas aprovadas através da Lei nº 13.618, de 21 de dezembro de 2017 e dá outras providências.;;Transformado em Norma Jurídica
;;;;;;;;;;
4347;   ;2018;;Mensagem do Executivo (Projeto de Lei);;Executivo;;Altera a Lei nº 13.476, de 23 de dezembro de 2016, que “Dispõe sobre a desafetação e a alienação dos imóveis que menciona”.;;Transformado em Norma Jurídica
;;;;;;;;;;
4346;   ;2018;;Mensagem do Executivo (Projeto de Lei);;Executivo;;Estabelece remissão condicionada de débitos tributários originários de Imposto Sobre a Propriedade Predial e Territorial Urbana - IPTU de agremiações esportivas e dá outras providências.;;Transformado em Norma Jurídica
;;;;;;;;;;
4345;   ;2018;;Mensagem do Executivo (Projeto de Lei);;Executivo;;Fixa novos padrões de vencimentos para as Classes que integram as Carreiras de Médico e Cirurgião-Dentista do quadro de servidores da Administração Direta do Município de Juiz de Fora e para as Classes que integram a Carreira de Médico do Departamento Municipal de Limpeza Urbana (DEMLURB).;;Transformado em Norma Jurídica
;;;;;;;;;;
4344;   ;2018;;Mensagem do Executivo (Projeto de Lei);;Executivo;;Altera Anexo Único da Lei nº 12.328, de 26 de julho de 2011, alterada pela Lei nº 12.425, de 08 de dezembro de 2011, pela Lei nº 12.586, de 05 de junho de 2012, pela Lei nº 12.917, de 22 de janeiro de 2014, pela Lei nº 13.035, de 21 de outubro de 2014, pela Lei nº 13.243, de 26 de novembro de 2015 e pela Lei nº 13.407, de 1º julho de 2016.;;Transformado em Norma Jurídica
;;;;;;;;;;
4343;   ;2018;;Mensagem do Executivo (Projeto de Lei);;Executivo;;Dispõe sobre o Conselho Municipal de Saúde de Juiz de Fora.;;Arquivada
;;;;;;;;;;
4342;   ;2018;;Mensagem do Executivo (Projeto de Lei);;Executivo;;Estima a Receita e Fixa a Despesa do Município de Juiz de Fora para o Exercício Financeiro de 2019 e dá outras providências.;;Transformado em Norma Jurídica
;;;;;;;;;;
4341;   ;2018;;Mensagem do Executivo (Projeto de Lei);;Executivo;;Cria o Conselho Municipal de Desportos do Município de Juiz de Fora (CMD), e dá outras providências.;;Transformado em Norma Jurídica
;;;;;;;;;;
4340;   ;2018;;Mensagem do Executivo (Projeto de Lei);;Executivo;;Disciplina o serviço remunerado e privado de transporte de passageiros para realização de viagens individualizadas ou compartilhadas solicitadas exclusivamente por usuários previamente cadastrados em aplicativos ou outras plataformas de comunicação em rede.;;Arquivada
;;;;;;;;;;
4339;   ;2018;;Mensagem do Executivo (Projeto de Lei);;Executivo;;Dispõe sobre a concessão de contribuição corrente de aplicação compulsória destinada ao incentivo desportivo educacional e de rendimento a entidades esportivas de futebol profissional do Município de Juiz de Fora - MG, e dá outras providências.;;Transformado em Norma Jurídica
;;;;;;;;;;
4336;   ;2018;;Mensagem do Executivo (Projeto de Lei);;Executivo;;Dispõe sobre denominação de Praça Pública no Bairro Parque das Águas, no Município de Juiz de Fora.(Praça Matheus Eduardo Fonseca de Paiva);;Transformado em Norma Jurídica
;;;;;;;;;;
4334;   ;2018;;Mensagem do Executivo (Projeto de Lei);;Executivo;;Dispõe sobre denominação da alça a ser construída no Viaduto Augusto Franco (Radialista José Vicente de Barros).;;Transformado em Norma Jurídica
;;;;;;;;;;
4333;   ;2018;;Mensagem do Executivo (Projeto de Lei);;Executivo;;Autoriza o Município de Juiz de Fora a contratar com a União, operação de crédito ao amparo do Programa Nacional de Apoio à Gestão Administrativa e Fiscal dos Municípios Brasileiros - PNAFM - III, através da Caixa Econômica Federal, na qualidade de Agente Financeiro, a oferecer garantias e dá outras providências correlatas.;;Transformado em Norma Jurídica
;;;;;;;;;;
4332;   ;2018;;Mensagem do Executivo (Projeto de Lei);;Executivo;;Revoga a Lei Municipal nº 7.875, de 28 de fevereiro de 1991, que Dispõe sobre a construção de passeios e fechamento de terrenos no município de Juiz de Fora e dá outras providências.;;Transformado em Norma Jurídica
;;;;;;;;;;
4331;   ;2018;;Mensagem do Executivo (Projeto de Lei);;Executivo;;Cria os Distritos de Caetés de Minas, Humaitá de Minas, Monte Verde de Minas, Penido, Valadares e redelimita os Distritos Sede, Sarandira, Torreões e Rosário de Minas no Município de Juiz de Fora.;;Transformado em Norma Jurídica
;;;;;;;;;;
4330;   ;2018;;Mensagem do Executivo (Projeto de Lei);;Executivo;;Dispõe sobre a criação do Conselho Municipal de Usuários no âmbito do Município de Juiz de Fora - MG.;;Arquivada
;;;;;;;;;;
4329;   ;2018;;Mensagem do Executivo (Projeto de Lei);;Executivo;;Dispõe sobre a autorização, na forma do art. 37, X, da Constituição Federal, para a revisão geral anual dos vencimentos, salários, gratificações, adicionais, proventos de aposentadorias e pensões dos servidores públicos municipais, subsídios mensais fixados no art. 1º, da Lei nº 12.462, de 02 de janeiro de 2012, e reajusta valor e limite do vale/ticket alimentação, criado pela Lei nº 11.168, de 22 de junho de 2006, e dá outras providências.;;Transformado em Norma Jurídica
;;;;;;;;;;
4327;   ;2018;;Mensagem do Executivo (Projeto de Lei);;Executivo;;Dispõe sobre as diretrizes para a elaboração e execução da Lei Orçamentária para o exercício financeiro de 2019 e dá outras providências.;;Transformado em Norma Jurídica
;;;;;;;;;;
4326;   ;2018;;Mensagem do Executivo (Projeto de Lei);;Executivo;;Dispõe sobre desafetação de área pública e permuta de imóveis que menciona, e dá outras providências.;;Transformado em Norma Jurídica
;;;;;;;;;;
4325;   ;2018;;Mensagem do Executivo (Projeto de Lei);;Executivo;;Altera a redação do art. 21, da Lei nº 13.150, de 18 de junho de 2015, que “Dispõe sobre a Política Municipal de Segurança Alimentar e Nutricional de Juiz de Fora - PMSAN-JF, Cria o Sistema Municipal de Segurança Alimentar e Nutricional de Juiz de Fora - SISAN-JF”.;;Arquivada
;;;;;;;;;;
4324;   ;2018;;Mensagem do Executivo (Projeto de Lei);;Executivo;;Autoriza a concessão dos adicionais definidos nos arts. 3º, § 3º, 6º e 7º, da Lei nº 13.642, de 03 de janeiro de 2018, aos servidores municipalizados, ocupantes do cargo de médico, vinculados ao Sistema Único de Saúde em Juiz de Fora, e dá outras providências.;;Transformado em Norma Jurídica
;;;;;;;;;;
4323;   ;2018;;Mensagem do Executivo (Projeto de Lei);;Executivo;;Dispõe sobre a concessão de direito real de uso dos imóveis que menciona.;;Transformado em Norma Jurídica
;;;;;;;;;;
4322;   ;2018;;Mensagem do Executivo (Projeto de Lei);;Executivo;;Dispõe sobre a criação do Conselho Municipal de Desenvolvimento Econômico, Tecnologia e Inovação -COMDETI, e dá outras providências.;;Transformado em Norma Jurídica
;;;;;;;;;;
4321;   ;2018;;Mensagem do Executivo (Projeto de Lei);;Executivo;;Altera a Lei nº 13.532, de 18 de julho de 2017, que “Dispõe sobre a remoção, guarda e depósito de veículos automotores removidos, apreendidos e retirados de circulação em decorrência de infração à legislação de trânsito ou que se encontrem em estado de abandono nas vias públicas do Município de Juiz de Fora e dá outras providências”.;;Transformado em Norma Jurídica
;;;;;;;;;;
4320;   ;2018;;Mensagem do Executivo (Projeto de Lei);;Executivo;;Altera o caput do art. 7º, da Lei nº 13.642, de 03 de janeiro de 2018, que “Dispõe sobre a atividade de sobreaviso/diarista para os Médicos integrantes do quadro de servidores da Administração Direta do Município, para exercício exclusivo nas unidades de Urgência e Emergência do Sistema Único de Saúde de Juiz de Fora - SUS/JF, e dá outras providências”.;;Transformado em Norma Jurídica
;;;;;;;;;;
4318;   ;2018;;Mensagem do Executivo (Projeto de Lei);;Executivo;;Autoriza o recebimento de bens móveis e dá outras providências.;;Transformado em Norma Jurídica
;;;;;;;;;;
4317;   ;2018;;Mensagem do Executivo (Projeto de Lei);;Executivo;;Altera a Lei nº 9.590, de 14 de setembro de 1999 e dá outras providências.;;Transformado em Norma Jurídica
;;;;;;;;;;
4316;   ;2018;;Mensagem do Executivo (Projeto de Lei);;Executivo;;Altera a Lei nº 13.618, de 21 de dezembro de 2017, que “Mantém as delimitações das áreas isótimas aprovadas através da Lei nº 13.472, de 21 de dezembro de 2016 e dá outras providências”.;;Transformado em Norma Jurídica
;;;;;;;;;;
4315;   ;2018;;Mensagem do Executivo (Projeto de Lei);;Executivo;;Dispõe sobre a concessão de exploração de serviço público do Restaurante Popular e dá outras providências.;;Transformado em Norma Jurídica
;;;;;;;;;;
4314;   ;2017;;Mensagem do Executivo (Projeto de Lei);;Executivo;;Autoriza o dispêndio de contribuições correntes para o exercício financeiro de 2018.;;Transformado em Norma Jurídica
;;;;;;;;;;
4313;   ;2017;;Mensagem do Executivo (Projeto de Lei);;Executivo;;Autoriza a Concessão de Subvenções de caráter Social, Assistencial, Educacional e/ou Cultural para o exercício financeiro de 2018.;;Transformado em Norma Jurídica
;;;;;;;;;;
4312;   ;2017;;Mensagem do Executivo (Projeto de Lei);;Executivo;;Dispõe sobre a atividade de sobreaviso/diarista para os Médicos integrantes do quadro de servidores da Administração Direta do Município, para exercício exclusivo nas unidades de Urgência e Emergência do Sistema Único de Saúde de Juiz de Fora - SUS/JF, e dá outras providências.;;Transformado em Norma Jurídica
;;;;;;;;;;
4311;   ;2017;;Mensagem do Executivo (Projeto de Lei);;Executivo;;Dispõe sobre a autorização para o reajuste dos vencimentos, salários, gratificações, adicionais, proventos de aposentadorias e pensões dos servidores públicos municipais, reajusta valor e limite do vale/ticket alimentação, criado pela Lei nº 11.168, de 22 de junho de 2006, e dá outras providências.;;Transformado em Norma Jurídica
;;;;;;;;;;
4310;   ;2017;;Mensagem do Executivo (Projeto de Lei);;Executivo;;Desafeta área pública, dispõe sobre sua alienação e dá outras providências.;;Transformado em Norma Jurídica
;;;;;;;;;;
4309;   ;2017;;Mensagem do Executivo (Projeto de Lei);;Executivo;;Dispõe sobre a criação de cargos nas carreiras de Técnico de Nível Superior e Agente de Atendimento ao Público, do Quadro de Servidores Municipais da Administração Direta do Município, e dá outras providências.;;Transformado em Norma Jurídica
;;;;;;;;;;
4308;   ;2017;;Mensagem do Executivo (Projeto de Lei);;Executivo;;Mantém as delimitações das áreas isótimas aprovadas através da Lei nº 13.472, de 21 de dezembro de 2016 e dá outras providências.;;Transformado em Norma Jurídica
;;;;;;;;;;
4307;   ;2017;;Mensagem do Executivo (Projeto de Lei);;Executivo;;Altera a redação, acrescenta e revoga dispositivos na Lei nº 10.630, de 30 de dezembro de 2003, que ‘Dispõe sobre o Imposto Sobre Serviços de Qualquer Natureza - ISSQN’, bem como da Lei nº 12.838, de 04 de setembro de 2013, Lei nº 12.206, de 30 de dezembro de 2010, Lei nº 9.936, de 19 de dezembro de 2000, Lei nº 7.762, de 12 de julho de 1990, Lei nº 7.345, de 26 de maio de 1988, Lei nº 4.755, de 17 de dezembro de 1974 e Lei nº 1.716, de 27 de outubro de 1962 e dá outras providências.;;Transformado em Norma Jurídica
;;;;;;;;;;
4306;   ;2017;;Mensagem do Executivo (Projeto de Lei);;Executivo;;Dispõe sobre desafetação e permuta de imóveis que menciona, e dá outras providências.;;Transformado em Norma Jurídica
;;;;;;;;;;
4305;   ;2017;;Mensagem do Executivo (Projeto de Lei);;Executivo;;Altera a redação de dispositivos da Lei nº 11.701, de 18 de novembro de 2008 que “Dispõe sobre o Conselho Municipal dos Direitos do Idoso, sobre o Fundo Municipal de Promoção ao Idoso e dá outras providências”.;;Transformado em Norma Jurídica
;;;;;;;;;;
4304;   ;2017;;Mensagem do Executivo (Projeto de Lei);;Executivo;;Altera a Lei nº 13.476 - de 23 de dezembro de 2016, que dispõe sobre a desafetação e a alienação dos imóveis que menciona.;;Transformado em Norma Jurídica
;;;;;;;;;;
4303;   ;2017;;Mensagem do Executivo (Projeto de Lei);;Executivo;;Estima a Receita e Fixa a Despesa do Município de Juiz de Fora para o Exercício Financeiro de 2018 e dá outras providências.;;Transformado em Norma Jurídica
;;;;;;;;;;
4301;   ;2017;;Mensagem do Executivo (Projeto de Lei);;Executivo;;Estabelece critérios excepcionais para quitação dos débitos de natureza tributária e não tributária que menciona, e dá outras providências.;;Transformado em Norma Jurídica
;;;;;;;;;;
4300;   ;2017;;Mensagem do Executivo (Projeto de Lei);;Executivo;;Autoriza o Município de Juiz de Fora a contratar com o BANCO DE DESENVOLVIMENTO DE MINAS GERAIS S/A - BDMG, operação de crédito com outorga de garantia e dá outras providências.;;Transformado em Norma Jurídica
;;;;;;;;;;
4299;   ;2017;;Mensagem do Executivo (Projeto de Lei);;Executivo;;Autoriza o Município de Juiz de Fora a contratar com o BANCO DE DESENVOLVIMENTO DE MINAS GERAIS S/A - BDMG, operação de crédito com outorga de garantia e dá outras providências.;;Transformado em Norma Jurídica
;;;;;;;;;;
4297;   ;2017;;Mensagem do Executivo (Projeto de Lei);;Executivo;;Altera dispositivo da Lei nº 13.255, de 07 de dezembro de 2015.;;Transformado em Norma Jurídica
;;;;;;;;;;
4296;   ;2017;;Mensagem do Executivo (Projeto de Lei);;Executivo;;Altera a redação do art. 2º da Lei nº 11.509, de 24 de janeiro de 2008 que “Dispõe sobre a alienação de bens imóveis que relaciona”, com suas alterações posteriores e a redação do art. 2º da Lei nº 12.270, de 26 de abril de 2011 que “Dispõe sobre a alienação dos bens imóveis que relaciona”.;;Arquivada
;;;;;;;;;;
4295;   ;2017;;Mensagem do Executivo (Projeto de Lei);;Executivo;;Autoriza, em caráter excepcional, o pagamento de saldo devedor oriundo da Lei Municipal nº 13.192, de 31 de julho de 2015.;;Transformado em Norma Jurídica
;;;;;;;;;;
4294;   ;2017;;Mensagem do Executivo (Projeto de Lei);;Executivo;;Dispõe sobre o Plano Plurianual para o período 2018/2021.;;Transformado em Norma Jurídica
;;;;;;;;;;
4293;   ;2017;;Mensagem do Executivo (Projeto de Lei);;Executivo;;Dispõe sobre as diretrizes para a elaboração da Lei Orçamentária para o exercício financeiro de 2018 e dá outras providências.;;Transformado em Norma Jurídica
;;;;;;;;;;
4292;   ;2017;;Mensagem do Executivo (Projeto de Lei);;Executivo;;Autoriza a incorporação de área que menciona ao patrimônio da Empresa Regional de Habitação de Juiz de Fora S.A. - EMCASA.;;Transformado em Norma Jurídica
;;;;;;;;;;
4291;   ;2017;;Mensagem do Executivo (Projeto de Lei);;Executivo;;Institui a taxa para expedição de alvará de construção de estruturas de Suporte das Estações Rádio Base e equipamentos afins autorizados e homologados pela Agência Nacional de Telecomunicações, destinadas à operação de serviços de telecomunicações, a que se refere a Lei Municipal nº 13.236, de 13 de novembro de 2015.;;Transformado em Norma Jurídica
;;;;;;;;;;
4290;   ;2017;;Mensagem do Executivo (Projeto de Lei);;Executivo;;Altera os critérios para a entrega de informações fiscais e dá outras providências.;;Transformado em Norma Jurídica
;;;;;;;;;;
4289;   ;2017;;Mensagem do Executivo (Projeto de Lei);;Executivo;;Dispõe sobre a organização da Política de Assistência Social no município e dá outras providências.;;Arquivada
;;;;;;;;;;
4288;   ;2017;;Mensagem do Executivo (Projeto de Lei);;Executivo;;Autoriza a incorporação das áreas que menciona ao patrimônio da Empresa Regional de Habitação de Juiz de Fora S.A. - EMCASA.;;Transformado em Norma Jurídica
;;;;;;;;;;
4287;   ;2017;;Mensagem do Executivo (Projeto de Lei);;Executivo;;Autoriza o Município de Juiz de Fora a contribuir financeiramente para a entidade sem fins lucrativos, denominada Frente Nacional de Prefeitos e dá outras providências.;;Transformado em Norma Jurídica
;;;;;;;;;;
4285;   ;2017;;Mensagem do Executivo (Projeto de Lei);;Executivo;;Dispõe sobre o recebimento, em doação, do imóvel que menciona e convalida doação anterior em favor do Município de Juiz de Fora.;;Transformado em Norma Jurídica
;;;;;;;;;;
4284;   ;2017;;Mensagem do Executivo (Projeto de Lei);;Executivo;;Altera a redação do art. 3º, da Lei nº 13.207, de 1º de outubro de 2015.;;Transformado em Norma Jurídica
;;;;;;;;;;
4283;   ;2017;;Mensagem do Executivo (Projeto de Lei);;Executivo;;Acrescenta dispositivos ao art. 3º, da Lei nº 12.555, de 17 de maio de 2012.;;Arquivada
;;;;;;;;;;
4282;   ;2017;;Mensagem do Executivo (Projeto de Lei);;Executivo;;Dispõe sobre a desafetação e a doação (condicional e com encargo) da área pública municipal que menciona, e dá outras providências.;;Transformado em Norma Jurídica
;;;;;;;;;;
4281;   ;2017;;Mensagem do Executivo (Projeto de Lei);;Executivo;;Altera o art. 2º da Lei Municipal nº 13.277, de 22 de dezembro de 2015 e dá outras providências.;;Transformado em Norma Jurídica
;;;;;;;;;;
4280;   ;2017;;Mensagem do Executivo (Projeto de Lei);;Executivo;;Dispõe sobre a remoção, guarda e depósito de veículos automotores removidos, apreendidos e retirados de circulação em decorrência de infração à legislação de trânsito ou que se encontrem em estado de abandono nas vias públicas do Município de Juiz de Fora e dá outras providências.;;Transformado em Norma Jurídica
;;;;;;;;;;
4278;   ;2016;;Mensagem do Executivo (Projeto de Lei);;Executivo;;Autoriza o dispêndio de transferências correntes para entidades sem fins lucrativos para o exercício financeiro de 2017.;;Transformado em Norma Jurídica
;;;;;;;;;;
4277;   ;2016;;Mensagem do Executivo (Projeto de Lei);;Executivo;;Autoriza a Concessão de Subvenções de Caráter Social, Assistencial, Educacional e/ou Cultural para exercício financeiro de 2017.;;Transformado em Norma Jurídica
;;;;;;;;;;
4275;   ;2016;;Mensagem do Executivo (Projeto de Lei);;Executivo;;Altera dispositivos da Lei nº 10.630, de 30 de dezembro de 2003 que “Dispõe sobre o Imposto sobre Serviços de Qualquer Natureza - ISSQN”, com suas alterações posteriores.;;Arquivada
;;;;;;;;;;
4274;   ;2016;;Mensagem do Executivo (Projeto de Lei);;Executivo;;Fixa orientações para alterações de natureza estatutária da Companhia de Saneamento Municipal - CESAMA, nos termos da Lei Federal nº 13.303/2016, promove adaptações necessárias à Lei Federal nº 11.445/2007 e dá outras providências.;;Transformado em Norma Jurídica
;;;;;;;;;;
4273;   ;2016;;Mensagem do Executivo (Projeto de Lei);;Executivo;;Mantém as delimitações das áreas isótimas aprovadas através da Lei nº 13.284, de 23 de dezembro de 2015 e dá outras providências.;;Transformado em Norma Jurídica
;;;;;;;;;;
4272;   ;2016;;Mensagem do Executivo (Projeto de Lei);;Executivo;;Dispõe sobre a desafetação e alienação através de investidura de área pública que menciona.;;Arquivada
;;;;;;;;;;
4271;   ;2016;;Mensagem do Executivo (Projeto de Lei);;Executivo;;Altera dispositivos na Lei de n° 8.971, de 09 de dezembro de 1996 e dá outras providências.;;Transformado em Norma Jurídica
;;;;;;;;;;
4269;   ;2016;;Mensagem do Executivo (Projeto de Lei);;Executivo;;Aprova o Plano Municipal de Educação - PME e dá outras providências.;;Transformado em Norma Jurídica
;;;;;;;;;;
4268;   ;2016;;Mensagem do Executivo (Projeto de Lei);;Executivo;;Estima a Receita e Fixa a Despesa do Município de Juiz de Fora para o Exercício Financeiro de 2017 e dá outras providências.;;Transformado em Norma Jurídica
;;;;;;;;;;
4266;   ;2016;;Mensagem do Executivo (Projeto de Lei);;Executivo;;Institui o Fundo de Reserva dos Depósitos Judiciais do Município de Juiz de Fora, conforme dispõe a Lei Complementar nº 151, de 05 de agosto de 2015.;;Transformado em Norma Jurídica
;;;;;;;;;;
4265;   ;2016;;Mensagem do Executivo (Projeto de Lei);;Executivo;;"Altera dispositivos da Lei nº 10.000, de 08 de maio de 2001, que ""Dispõe sobre a Organização e Estrutura do Poder Executivo do Município de Juiz de Fora, fixa princípios e diretrizes de gestão e dá outras providências"".";;Transformado em Norma Jurídica
;;;;;;;;;;
4264;   ;2016;;Mensagem do Executivo (Projeto de Lei);;Executivo;;Autoriza a incorporação da área que menciona ao patrimônio da Empresa Regional de Habitação de Juiz de Fora S.A. - EMCASA.;;Transformado em Norma Jurídica
;;;;;;;;;;
4262;   ;2016;;Mensagem do Executivo (Projeto de Lei);;Executivo;;Dispõe sobre as diretrizes para a elaboração da Lei Orçamentária para o exercício financeiro de 2017 e dá outras providências.;;Transformado em Norma Jurídica
;;;;;;;;;;
4261;   ;2016;;Mensagem do Executivo (Projeto de Lei);;Executivo;;Dispõe sobre a desafetação de área pública e a permuta de imóveis que menciona, e dá outras providências.;;Arquivada
;;;;;;;;;;
4258;   ;2016;;Mensagem do Executivo (Projeto de Lei);;Executivo;;Altera Anexo Único da Lei nº 12.328, de 26 de julho de 2011, alterada pela Lei nº 12.425, de 08 de dezembro de 2011, pela Lei nº 12.586, de 05 de junho de 2012, pela Lei nº 12.917, de 22 de janeiro de 2014, pela Lei nº 13.035, de 21 de outubro de 2014, e pela Lei nº 13.243, de 26 de novembro de 2015.;;Transformado em Norma Jurídica
;;;;;;;;;;
4257;   ;2016;;Mensagem do Executivo (Projeto de Lei);;Executivo;;Reajusta valor e limites do vale/ticket alimentação, criado pela Lei n. 11.168, de 22 de junho de 2006 e dá outras providências.;;Transformado em Norma Jurídica
;;;;;;;;;;
4256;   ;2016;;Mensagem do Executivo (Projeto de Lei);;Executivo;;Dispõe sobre a autorização para o reajuste dos vencimentos, salários, gratificações, adicionais, proventos de aposentadorias e pensões dos servidores públicos municipais, e dá outras providências.;;Transformado em Norma Jurídica
;;;;;;;;;;
4255;   ;2016;;Mensagem do Executivo (Projeto de Lei);;Executivo;;Altera a Lei nº 9.212, de 27 de janeiro de 1998, cria a carreira de Auxiliar de Odontologia e dá outras providências.;;Transformado em Norma Jurídica
;;;;;;;;;;
4254;   ;2016;;Mensagem do Executivo (Projeto de Lei);;Executivo;;Altera o art. 4º, §3º, inc. I, da Lei nº 10.785, de 30 de junho de 2004.;;Transformado em Norma Jurídica
;;;;;;;;;;
4253;   ;2016;;Mensagem do Executivo (Projeto de Lei);;Executivo;;Autoriza a inclusão de sábados letivos no Calendário Escolar de 2016 e dá outras providências.;;Transformado em Norma Jurídica
;;;;;;;;;;
4252;   ;2016;;Mensagem do Executivo (Projeto de Lei);;Executivo;;Acrescenta dispositivos à Lei nº 11.169, de 22 de junho de 2006 e dá outras Providências.;;Transformado em Norma Jurídica
;;;;;;;;;;
4251;   ;2016;;Mensagem do Executivo (Projeto de Lei);;Executivo;;Cria a carreira de Técnico de Nível Superior - Biomédico e adéqua a carreira de Técnico de Nível Superior - Farmacêutico-Bioquímico e dá outras providências.;;Transformado em Norma Jurídica
;;;;;;;;;;
4250;   ;2016;;Mensagem do Executivo (Projeto de Lei);;Executivo;;Altera o dispositivo da Lei nº 8.483, de 30 de junho de 1994 e dá outras providências.;;Transformado em Norma Jurídica
;;;;;;;;;;
4249;   ;2016;;Mensagem do Executivo (Projeto de Lei);;Executivo;;Cria a Gratificação de Incentivo ao Combate à Dengue, Chikungunya e Zika no Município de Juiz de Fora (GIC) e da outras providências.;;Transformado em Norma Jurídica
;;;;;;;;;;
4247;   ;2016;;Mensagem do Executivo (Projeto de Lei);;Executivo;;Autoriza o Poder Executivo a inserir na Estratégia de Saúde da Família (ESF) profissionais integrantes da Equipe de Saúde Bucal (ESB) e dá outras providências.;;Transformado em Norma Jurídica
;;;;;;;;;;
4246;   ;2016;;Mensagem do Executivo (Projeto de Lei);;Executivo;;Dispõe sobre a autorização para o reajuste dos vencimentos, salários, gratificações, adicionais, proventos de aposentadorias e pensões dos servidores públicos municipais e dá outras providências.;;Arquivada
;;;;;;;;;;
4244;   ;2016;;Mensagem do Executivo (Projeto de Lei);;Executivo;;Dispõe sobre a criação de cargos na carreira de Agente de Combate a Endemias e dá outras providências.;;Transformado em Norma Jurídica
;;;;;;;;;;
4243;   ;2016;;Mensagem do Executivo (Projeto de Lei);;Executivo;;Altera a Lei Municipal nº 13.349, de 27 de abril de 2016.;;Transformado em Norma Jurídica
;;;;;;;;;;
4242;   ;2016;;Mensagem do Executivo (Projeto de Lei);;Executivo;;Dispõe sobre a desafetação e a alienação dos imóveis que menciona.;;Transformado em Norma Jurídica
;;;;;;;;;;
4241;   ;2016;;Mensagem do Executivo (Projeto de Lei);;Executivo;;Dispõe sobre a atenção especial ao idoso no âmbito do Município de Juiz de Fora.;;Transformado em Norma Jurídica
;;;;;;;;;;
4238;   ;2016;;Mensagem do Executivo (Projeto de Lei);;Executivo;;"Altera dispositivos da Lei nº 10.000, de 08 de maio de 2001, que “Dispõe sobre a Organização e Estrutura do Poder Executivo do Município de Juiz de Fora, fixa princípios e diretrizes de gestão e dá outras providências”; altera dispositivos da Lei nº 11.206, de 13 de setembro de 2006, que “Dispõe sobre a estruturação organizacional e a criação da Classe da Guarda Municipal de Juiz de Fora” e dá outras providências.";;Transformado em Norma Jurídica
;;;;;;;;;;
4237;   ;2016;;Mensagem do Executivo (Projeto de Lei);;Executivo;;Altera o Anexo I, da Lei nº 10.000, de 08 de maio de 2001.;;Transformado em Norma Jurídica
;;;;;;;;;;
4236;   ;2016;;Mensagem do Executivo (Projeto de Lei);;Executivo;;Dispõe sobre a permuta dos imóveis que menciona.;;Arquivada
;;;;;;;;;;
4235;   ;2016;;Mensagem do Executivo (Projeto de Lei);;Executivo;;Dispõe sobre desafetação de área pública e permuta de imóveis que menciona e dá outras providências.;;Transformado em Norma Jurídica
;;;;;;;;;;
4234;   ;2016;;Mensagem do Executivo (Projeto de Lei);;Executivo;;"Altera a redação do art. 5º, da Lei nº 5.308, de 14 de outubro de 1977, com suas alterações posteriores (""Altera a denominação e os objetivos da Empav""). Projeto de autoria do Executivo.";;Transformado em Norma Jurídica
;;;;;;;;;;
4233;   ;2016;;Mensagem do Executivo (Projeto de Lei);;Executivo;;Revoga o art. 4º da Lei nº 13.231, de 13 de Novembro de 2015. Projeto de autoria do Executivo.;;Transformado em Norma Jurídica
;;;;;;;;;;
4232;   ;2016;;Mensagem do Executivo (Projeto de Lei);;Executivo;;Institui o Fundo Municipal de Apoio ao Museu Mariano Procópio - FAMAPRO e dá outras providências.;;Transformado em Norma Jurídica
;;;;;;;;;;
4231;   ;2016;;Mensagem do Executivo (Projeto de Lei);;Executivo;;Altera a Lei Municipal nº 13.221, de 16 de outubro de 2015.;;Transformado em Norma Jurídica
;;;;;;;;;;
4230;   ;2016;;Mensagem do Executivo (Projeto de Lei);;Executivo;;Autoriza a incorporação da área que menciona ao patrimônio da Empresa Regional de Habitação de Juiz de Fora S.A. - EMCASA.;;Transformado em Norma Jurídica
;;;;;;;;;;
4229;   ;2016;;Mensagem do Executivo (Projeto de Lei);;Executivo;;Dispõe sobre a denominação da Pista de Skate da Praça Presidente Antônio Carlos.;;Transformado em Norma Jurídica
;;;;;;;;;;
4227;   ;2016;;Mensagem do Executivo (Projeto de Lei);;Executivo;;Desafeta e autoriza a incorporação das áreas que menciona ao patrimônio da Empresa Regional de Habilitação de Juiz de Fora S.A. - EMCASA.;;Transformado em Norma Jurídica
;;;;;;;;;;
4226;   ;2016;;Mensagem do Executivo (Projeto de Lei);;Executivo;;Autoriza o município de Juiz de Fora - MG a participar do Consórcio Intermunicipal Multifinalitário do Vale do Paraibuna - CIMPAR e dá outras providências.;;Arquivada
;;;;;;;;;;
4225;   ;2016;;Mensagem do Executivo (Projeto de Lei);;Executivo;;Dispõe sobre a investidura do imóvel que menciona.;;Transformado em Norma Jurídica
;;;;;;;;;;
4224;   ;2016;;Mensagem do Executivo (Projeto de Lei);;Executivo;;Autoriza a incorporação das áreas que menciona ao patrimônio da Empresa Regional de Habitação de Juiz de Fora S.A. - EMCASA.;;Transformado em Norma Jurídica
;;;;;;;;;;
4223;   ;2015;;Mensagem do Executivo (Projeto de Lei);;Executivo;;Autoriza o recebimento de bens imóveis em dação em pagamento de débito tributário e autoriza a incorporação das áreas que menciona ao patrimônio da Empresa Regional de Habitação de Juiz de Fora S.A - EMCASA, para fins de regularização fundiária.;;Transformado em Norma Jurídica
;;;;;;;;;;
4222;   ;2015;;Mensagem do Executivo (Projeto de Lei);;Executivo;;Dispõe sobre a utilização de caçambas estacionárias nas vias e logradouros públicos para recolhimento de entulhos e dá outras providências.;;Arquivada
;;;;;;;;;;
4220;   ;2015;;Mensagem do Executivo (Projeto de Lei);;Executivo;;Dispõe sobre a criação da Creche Professora Cleonice Rainho Thomaz Ribeiro, no Bairro Jardim Cachoeira e dá outras providências.;;Transformado em Norma Jurídica
;;;;;;;;;;
4219;   ;2015;;Mensagem do Executivo (Projeto de Lei);;Executivo;;Dispõe sobre a concessão de incentivos de natureza financeira estabelecidos na Lei Municipal nº 13.207, de 1º de outubro de 2015, à beneficiária M. Dias Branco S/A Indústria e Comércio de Alimentos, como forma de promover a atração de investimentos produtivos geradores de emprego, renda e receitas tributárias, com vistas ao desenvolvimento socioeconômico local.;;Transformado em Norma Jurídica
;;;;;;;;;;
4218;   ;2015;;Mensagem do Executivo (Projeto de Lei);;Executivo;;Reajusta o valor do piso salarial mínimo, em caráter provisório, para a carreira de médico de urgência e emergência do SUS/JF, criado pela Lei nº 12.111, de 03 de setembro de 2010, alterada pela Lei nº 12.186, de 21 de dezembro de 2010, pela Lei nº 12.357, de 16 de setembro de 2011, pela Lei nº 12.552, de 16 de maio de 2012, pela Lei nº 12.580, de 29 de maio de 2012, pela Lei nº 12.788, de 24 de maio de 2013, pela Lei nº 12.800, de 21 de junho de 2013, pela Lei nº 13.012, de 12 de julho de 2014 e pela Lei nº 13.138, de 28 de maio de 2015.;;Transformado em Norma Jurídica
;;;;;;;;;;
4217;   ;2015;;Mensagem do Executivo (Projeto de Lei);;Executivo;;Dispõe sobre a criação do Conselho Municipal de Proteção dos Animais - COMPA e do Fundo Municipal de Proteção dos Animais - FUNPAN e dá outras Providências.;;Transformado em Norma Jurídica
;;;;;;;;;;
4216;   ;2015;;Mensagem do Executivo (Projeto de Lei);;Executivo;;Mantém as delimitações das áreas isótimas aprovadas através da Lei nº 13.077, de 26 de dezembro de 2014 e dá outras providências.;;Transformado em Norma Jurídica
;;;;;;;;;;
4215;   ;2015;;Mensagem do Executivo (Projeto de Lei);;Executivo;;Dispõe sobre a concessão de benefícios fiscais incidentes sobre os imóveis integrantes do PMCMV - Programa Minha Casa Minha Vida - FAR nas condições que menciona e dá outras providências.;;Transformado em Norma Jurídica
;;;;;;;;;;
4214;   ;2015;;Mensagem do Executivo (Projeto de Lei);;Executivo;;Altera a redação dos incisos I, III e IV do art. 1º, da Lei nº 12.905, de 03 de janeiro de 2014 e dá outras providências.;;Transformado em Norma Jurídica
;;;;;;;;;;
4213;   ;2015;;Mensagem do Executivo (Projeto de Lei);;Executivo;;Altera a Lei nº 12.838, de 04 de setembro de 2013, que reduz a alíquota do ISSQN para as atividades que menciona.;;Transformado em Norma Jurídica
;;;;;;;;;;
4212;   ;2015;;Mensagem do Executivo (Projeto de Lei);;Executivo;;Altera a Lei nº 12.461, de 30 de dezembro de 2011, que reduz a alíquota do ISSQN para as atividades que menciona.;;Transformado em Norma Jurídica
;;;;;;;;;;
4211;   ;2015;;Mensagem do Executivo (Projeto de Lei);;Executivo;;Altera a Lei Municipal nº 12.206, de 30 de dezembro de 2010, que cuida do Programa de Incentivo à Modernização do Setor Gráfico de Juiz de Fora.;;Transformado em Norma Jurídica
;;;;;;;;;;
4210;   ;2015;;Mensagem do Executivo (Projeto de Lei);;Executivo;;Dispõe sobre a concessão de incentivos fiscais aos empreendimentos industriais que se instalarem no Município nas condições que menciona.;;Transformado em Norma Jurídica
;;;;;;;;;;
4209;   ;2015;;Mensagem do Executivo (Projeto de Lei);;Executivo;;Altera a Lei nº 12.201, 30 de dezembro de 2010, que reduz a alíquota do ISSQN para as empresas que operam como Unidade Central de Atendimento (Call Center).;;Transformado em Norma Jurídica
;;;;;;;;;;
4208;   ;2015;;Mensagem do Executivo (Projeto de Lei);;Executivo;;Altera o Anexo Único da Lei nº 11.812, de 20 de julho de 2009 e dá outras providências.;;Transformado em Norma Jurídica
;;;;;;;;;;
4207;   ;2015;;Mensagem do Executivo (Projeto de Lei);;Executivo;;Altera o Anexo I, da Lei nº 10.000, de 08 de maio de 2001, cria o cargo de provimento em comissão de chefe de Departamento e funções gratificadas de Supervisão, destinadas ao Departamento Municipal de Limpeza Urbanas - DEMLURB;;Transformado em Norma Jurídica
;;;;;;;;;;
4206;   ;2015;;Mensagem do Executivo (Projeto de Lei);;Executivo;;Dispõe sobre a autorização para o reajuste dos vencimentos, salários, gratificações, adicionais, proventos de aposentadorias e pensões dos servidores públicos municipais e dá outras providências.;;Transformado em Norma Jurídica
;;;;;;;;;;
4205;   ;2015;;Mensagem do Executivo (Projeto de Lei);;Executivo;;Dispõe sobre a doação do imóvel que menciona.;;Transformado em Norma Jurídica
;;;;;;;;;;
4204;   ;2015;;Mensagem do Executivo (Projeto de Lei);;Executivo;;Autoriza a Concessão de Subvenções de Caráter Social, Assistencial, Educacional e/ou Cultural para o exercício financeiro de 2016.;;Transformado em Norma Jurídica
;;;;;;;;;;
4203;   ;2015;;Mensagem do Executivo (Projeto de Lei);;Executivo;;Altera o § 2º, do art. 1º, da Lei nº 13.179, de 22 de julho de 2015 e dá outras providências.;;Transformado em Norma Jurídica
;;;;;;;;;;
4202;   ;2015;;Mensagem do Executivo (Projeto de Lei);;Executivo;;Autoriza o Município de Juiz de Fora a contratar com o Banco de Desenvolvimento de Minas Gerais S/A - BDMG, operação de crédito com outorga de garantia e dá outras providências.;;Transformado em Norma Jurídica
;;;;;;;;;;
4201;   ;2015;;Mensagem do Executivo (Projeto de Lei);;Executivo;;Autoriza o Município de Juiz de Fora a contratar com o Banco de Desenvolvimento de Minas Gerais S/A - BDMG, operação de crédito com outorga de garantia e dá outras providências.;;Transformado em Norma Jurídica
;;;;;;;;;;
4200;   ;2015;;Mensagem do Executivo (Projeto de Lei);;Executivo;;Altera o número da Matrícula nº 58.388 para Matrícula nº 57.388 da Área “A2”, a ser permutada com o Lote “31-A” estabelecido em conformidade com a Lei nº 13.065, de 16 de dezembro de 2014.;;Transformado em Norma Jurídica
;;;;;;;;;;
4199;   ;2015;;Mensagem do Executivo (Projeto de Lei);;Executivo;;Reabre o prazo para requerimento dos benefícios oriundos da Lei nº 13.192, de 31 de julho de 2015, nas condições que especifica.;;Transformado em Norma Jurídica
;;;;;;;;;;
4198;   ;2015;;Mensagem do Executivo (Projeto de Lei);;Executivo;;Fixa novos padrões de vencimento para as classes de Agente de Combate a Endemias I e Agente de Combate a Endemias II e dá outras providências.;;Transformado em Norma Jurídica
;;;;;;;;;;
4197;   ;2015;;Mensagem do Executivo (Projeto de Lei);;Executivo;;Altera dispositivos da Lei Municipal nº 12.103, de 30 de julho de 2010 e da Lei Municipal nº 11.206, de 13 de setembro de 2006.;;Transformado em Norma Jurídica
;;;;;;;;;;
4195;   ;2015;;Mensagem do Executivo (Projeto de Lei);;Executivo;;Altera Anexo Único da Lei nº 12.328, de 26 de julho de 2011, alterada pela Lei nº 12.425, de 08 de dezembro de 2011, pela Lei nº 12.586, de 05 de junho de 2012, pela Lei nº 12.917, de 22 de janeiro de 2014 e pela Lei nº 13.035, de 21 de outubro de 2014.;;Transformado em Norma Jurídica
;;;;;;;;;;
4194;   ;2015;;Mensagem do Executivo (Projeto de Lei);;Executivo;;Dispõe sobre a desafetação e a doação (condicional e com encargo) da área pública municipal que menciona e dá outras providências.;;Transformado em Norma Jurídica
;;;;;;;;;;
4193;   ;2015;;Mensagem do Executivo (Projeto de Lei);;Executivo;;Estima a Receita e Fixa a Despesa do Município de Juiz de Fora para o Exercício Financeiro de 2016 e dá outras providências;;Transformado em Norma Jurídica
;;;;;;;;;;
4192;   ;2015;;Mensagem do Executivo (Projeto de Lei);;Executivo;;Dispõe sobre a desafetação e autoriza a alienação dos imóveis que menciona.;;Transformado em Norma Jurídica
;;;;;;;;;;
4191;   ;2015;;Mensagem do Executivo (Projeto de Lei);;Executivo;;Altera a Lei Municipal n. 13.067, de 16 de dezembro de 2014, que autoriza o Município de Juiz de Fora a contratar financiamento com o Banco de Desenvolvimento de Minas Gerais - BDMG, a oferecer garantia e dá outras providências.;;Transformado em Norma Jurídica
;;;;;;;;;;
4190;   ;2015;;Mensagem do Executivo (Projeto de Lei);;Executivo;;Dispõe sobre a criação da Creche Marcelo Moyses Gaio, no Bairro Santos Dumont e dá outras providências.;;Transformado em Norma Jurídica
;;;;;;;;;;
4189;   ;2015;;Mensagem do Executivo (Projeto de Lei);;Executivo;;Desafeta e autoriza a incorporação da área que menciona ao patrimônio da Empresa Regional de Habitação de Juiz de Fora S.A. - EMCASA.;;Transformado em Norma Jurídica
;;;;;;;;;;
4188;   ;2015;;Mensagem do Executivo (Projeto de Lei);;Executivo;;Dispõe sobre denominação de Logradouro Público;;Transformado em Norma Jurídica
;;;;;;;;;;
4186;   ;2015;;Mensagem do Executivo (Projeto de Lei);;Executivo;;Cria o Abono Provisório Variável (APV) e dá outras providências.;;Transformado em Norma Jurídica
;;;;;;;;;;
4185;   ;2015;;Mensagem do Executivo (Projeto de Lei);;Executivo;;Dispõe sobre o serviço público de transporte individual de passageiros - TÁXI no Município de Juiz de Fora e dá outras providências.;;Arquivada
;;;;;;;;;;
4184;   ;2015;;Mensagem do Executivo (Projeto de Lei);;Executivo;;Dispõe sobre a investidura do imóvel que menciona.;;Transformado em Norma Jurídica
;;;;;;;;;;
4183;   ;2015;;Mensagem do Executivo (Projeto de Lei);;Executivo;;Altera a redação do art. 6º da Lei nº 6.448, de 16 de dezembro de 1983.;;Transformado em Norma Jurídica
;;;;;;;;;;
4182;   ;2015;;Mensagem do Executivo (Projeto de Lei);;Executivo;;Dispõe sobre a concessão de incentivos de natureza financeira destinados a promover a atração de investimentos produtivos geradores de emprego, renda e receitas tributárias, com vistas ao desenvolvimento socioeconômico local.;;Transformado em Norma Jurídica
;;;;;;;;;;
4180;   ;2015;;Mensagem do Executivo (Projeto de Lei);;Executivo;;Dispõe sobre alteração da Lei nº 11.386, de 11 de julho de 2007, modificada pela Lei nº 12.098, de 29 de julho de 2010.;;Transformado em Norma Jurídica
;;;;;;;;;;
4179;   ;2015;;Mensagem do Executivo (Projeto de Lei);;Executivo;;Fixa novo padrão de salário para o emprego público de Agente Comunitário de Saúde e dá outras providências.;;Transformado em Norma Jurídica
;;;;;;;;;;
4177;   ;2015;;Mensagem do Executivo (Projeto de Lei);;Executivo;;Fixa novos padrões de vencimentos para as Classes que integram as Carreiras de Médico e Cirurgião-Dentista do quadro de servidores da Administração Direta do Município de Juiz de Fora e para as Classes que integram a Carreira de Médico do Departamento Municipal de Limpeza Urbana (DEMLURB).;;Transformado em Norma Jurídica
;;;;;;;;;;
4176;   ;2015;;Mensagem do Executivo (Projeto de Lei);;Executivo;;Dispõe sobre normas gerais urbanísticas para a instalação e operação, no Município de Juiz de Fora, de Estruturas de Suporte das Estações Rádio-Base e equipamentos afins autorizados e homologados nos termos da legislação federal vigente e dá outras providências.;;Transformado em Norma Jurídica
;;;;;;;;;;
4175;   ;2015;;Mensagem do Executivo (Projeto de Lei);;Executivo;;Dispõe sobre o reajuste do valor e dos limites do vale/ticket alimentação criado pela Lei n. 11.168, de 22 de junho de 2006 e dá outras providências.;;Transformado em Norma Jurídica
;;;;;;;;;;
4174;   ;2015;;Mensagem do Executivo (Projeto de Lei);;Executivo;;Autoriza a incorporação do imóvel ao patrimônio da “Empresa Regional de Habitação de Juiz de Fora S/A - EMCASA”.;;Transformado em Norma Jurídica
;;;;;;;;;;
4173;   ;2015;;Mensagem do Executivo (Projeto de Lei);;Executivo;;Dispõe sobre o uso de armas e equipamentos não letais pela Guarda Municipal de Juiz de Fora e dá outras providências.;;Transformado em Norma Jurídica
;;;;;;;;;;
4172;   ;2015;;Mensagem do Executivo (Projeto de Lei);;Executivo;;Altera a Lei Municipal n. 13.067, de 16 de dezembro de 2014 que autoriza o Município de Juiz de Fora a contratar financiamento com o Banco de Desenvolvimento de Minas Gerais - BDMG, a oferecer garantia e dá outras providências.;;Transformado em Norma Jurídica
;;;;;;;;;;
4171;   ;2015;;Mensagem do Executivo (Projeto de Lei);;Executivo;;Estabelece critérios excepcionais para quitação dos débitos de natureza tributária e não tributária que menciona e dá outras providências.;;Transformado em Norma Jurídica
;;;;;;;;;;
4170;   ;2015;;Mensagem do Executivo (Projeto de Lei);;Executivo;;Dispõe sobre as diretrizes para a elaboração da lei orçamentária para o exercício financeiro de 2016 e dá outras providências.;;Transformado em Norma Jurídica
;;;;;;;;;;
4169;   ;2015;;Mensagem do Executivo (Projeto de Lei);;Executivo;;Dispõe sobre alterações da Lei Municipal nº 8056/1992 e da Lei Municipal nº 9666/1999 e dá outras providências.;;Transformado em Norma Jurídica
;;;;;;;;;;
4168;   ;2015;;Mensagem do Executivo (Projeto de Lei);;Executivo;;Cria a Política Municipal de Pagamento por Serviços Ambientais - PSA, autoriza o Poder Executivo a custear e prestar outras formas de apoio aos proprietários rurais habilitados no Programa e dá outras disposições.;;Transformado em Norma Jurídica
;;;;;;;;;;
4167;   ;2015;;Mensagem do Executivo (Projeto de Lei);;Executivo;;Dispõe sobre a criação da Creche Nívea Bracher, no Bairro Vila Esperança II e dá outras providências.;;Transformado em Norma Jurídica
;;;;;;;;;;
4166;   ;2015;;Mensagem do Executivo (Projeto de Lei);;Executivo;;Dispõe sobre doação de Imóvel que menciona.;;Transformado em Norma Jurídica
;;;;;;;;;;
4165;   ;2015;;Mensagem do Executivo (Projeto de Lei);;Executivo;;Prorroga o prazo de vigência da Lei nº 12.111, de 03 de setembro de 2010, alterada pela Lei nº 12.186, de 21 de dezembro de 2010, pela Lei nº 12.357, de 16 de setembro de 2011, pela Lei nº 12.552, de 16 de maio de 2012, pela Lei nº 12.580, de 29 de maio de 2012 e pela Lei nº 12.788, de 24 de maio de 2013.;;Transformado em Norma Jurídica
;;;;;;;;;;
4164;   ;2015;;Mensagem do Executivo (Projeto de Lei);;Executivo;;Autoriza a incorporação das áreas que menciona ao patrimônio da Empresa Regional de Habitação de Juiz de Fora S.A. - EMCASA.;;Transformado em Norma Jurídica
;;;;;;;;;;
4163;   ;2015;;Mensagem do Executivo (Projeto de Lei);;Executivo;;"Dispõe sobre a destinação dos recursos a serem obtidos com a alienação dos imóveis elencados no Anexo I da Lei nº 11.509, de 24 de janeiro de 2008 e no Anexo I da Lei nº 12.270, de 26 de abril de 2011; revoga o art. 2º da Lei nº 11.509, de 24 de janeiro de 2008; revoga o art. 2º, da Lei nº 12.270, de 26 de abril de 2011.";;Arquivada
;;;;;;;;;;
4162;   ;2015;;Mensagem do Executivo (Projeto de Lei);;Executivo;;Desafeta e autoriza a incorporação da área que menciona ao patrimônio da Empresa Regional de Habitação de Juiz de Fora S.A. - EMCASA.;;Transformado em Norma Jurídica
;;;;;;;;;;
4161;   ;2015;;Mensagem do Executivo (Projeto de Lei);;Executivo;;Dispõe sobre o prazo para cumprimento do encargo referido no art. 1º, da Lei nº 11.325, de 28 de fevereiro de 2007 e dá outras providências.;;Arquivada
;;;;;;;;;;
4160;   ;2015;;Mensagem do Executivo (Projeto de Lei);;Executivo;;Dispõe sobre a criação da Creche Carlos Roberto Ananias, no Bairro Dom Bosco e dá outras providências.;;Transformado em Norma Jurídica
;;;;;;;;;;
4159;   ;2015;;Mensagem do Executivo (Projeto de Lei);;Executivo;;Institui o Plano Municipal de Política paras as Mulheres de Juiz de Fora.;;Arquivada
;;;;;;;;;;
4158;   ;2015;;Mensagem do Executivo (Projeto de Lei);;Executivo;;"Altera a redação do art. 5º § 1º do art. 10, da lei nº 13.108, de 27 de fevereiro de 2015 que ""Dispõe sobre transação de créditos tributários e não tributários do Município em fase de discussão judicial e dá outras providências"".";;Transformado em Norma Jurídica
;;;;;;;;;;
4155;   ;2015;;Mensagem do Executivo (Projeto de Lei);;Executivo;;Institui o Dia Municipal do Consumo Consciente e Sustentável e dá outras providências.;;Transformado em Norma Jurídica
;;;;;;;;;;
4154;   ;2015;;Mensagem do Executivo (Projeto de Lei);;Executivo;;Cria Zonas Especiais no entorno da bacia de contribuição para o lago da Represa Dr. João Penido.;;Transformado em Norma Jurídica
;;;;;;;;;;
4153;   ;2015;;Mensagem do Executivo (Projeto de Lei);;Executivo;;Dispõe sobre a alienação do imóvel que menciona.;;Transformado em Norma Jurídica
;;;;;;;;;;
4152;   ;2015;;Mensagem do Executivo (Projeto de Lei);;Executivo;;Dispõe sobre a Política Municipal de Segurança Alimentar e Nutricional de Juiz de Fora - PMSAN-JF, Cria o Sistema Municipal de Segurança Alimentar e Nutricional de Juiz de Fora - SISAN-JF e dá outras providências.;;Transformado em Norma Jurídica
;;;;;;;;;;
4150;   ;2015;;Mensagem do Executivo (Projeto de Lei);;Executivo;;Cria no Município a Creche Professora Maria Aparecida Pereira de Assis, situada na Avenida Presidente Juscelino Kubitschek, s/n°, Bairro Novo Triunfo.;;Transformado em Norma Jurídica
;;;;;;;;;;
4149;   ;2015;;Mensagem do Executivo (Projeto de Lei);;Executivo;;Dispõe sobre a proibição de entrega, distribuição, consumo e comercialização de bebidas envasadas em recipientes de vidro nos locais que menciona e dá outras providências.;;Transformado em Norma Jurídica
;;;;;;;;;;
4148;   ;2015;;Mensagem do Executivo (Projeto de Lei);;Executivo;;Desafeta área pública, dispõe sobre a permuta de imóveis que menciona e dá outras providências.;;Transformado em Norma Jurídica
;;;;;;;;;;
4147;   ;2015;;Mensagem do Executivo (Projeto de Lei);;Executivo;;Dispõe sobre a Política Municipal de Arborização Urbana de Juiz de Fora;;Transformado em Norma Jurídica
;;;;;;;;;;
4146;   ;2014;;Mensagem do Executivo (Projeto de Lei);;Executivo;;Dispõe sobre a desafetação e autoriza a alienação do imóvel que menciona.;;Transformado em Norma Jurídica
;;;;;;;;;;
4145;   ;2014;;Mensagem do Executivo (Projeto de Lei);;Executivo;;Dispõe sobre a transação de créditos tributários e não tributários do Município em fase de discussão judicial e dá outras providências.;;Transformado em Norma Jurídica
;;;;;;;;;;
4144;   ;2014;;Mensagem do Executivo (Projeto de Lei);;Executivo;;Cria a classe de Auxiliar Técnico III, integrante da Carreira de Auxiliar Técnico, pertencente ao quadro de servidores efetivos da Fundação Cultural Alfredo Ferreira Lage - FUNALFA e dá outras providências.;;Transformado em Norma Jurídica
;;;;;;;;;;
4143;   ;2014;;Mensagem do Executivo (Projeto de Lei);;;;Altera a Lei Municipal n° 12.837, de 30 de agosto de 2013.;;Transformado em Norma Jurídica
;;;;;;;;;;
4142;   ;2014;;Mensagem do Executivo (Projeto de Lei);;Executivo;;Dispõe sobre a criação da Creche Toninho Ventura, no Bairro Vale Verde e dá outras providências.;;Transformado em Norma Jurídica
;;;;;;;;;;
4141;   ;2014;;Mensagem do Executivo (Projeto de Lei);;Executivo;;Autoriza, em caráter excepcional, o pagamento de saldo devedor oriundo da Lei nº 12.426, de 12 de dezembro de 2011.;;Transformado em Norma Jurídica
;;;;;;;;;;
4140;   ;2014;;Mensagem do Executivo (Projeto de Lei);;Executivo;;Concede remissão nos termos que menciona e dá outras providências.;;Transformado em Norma Jurídica
;;;;;;;;;;
4139;   ;2014;;Mensagem do Executivo (Projeto de Lei);;Executivo;;Mantém as delimitações das áreas isótimas aprovadas através da Lei nº 12.897, de 27 de dezembro de 2013 e dá outras providências.;;Transformado em Norma Jurídica
;;;;;;;;;;
4138;   ;2014;;Mensagem do Executivo (Projeto de Lei);;Executivo;;Autoriza a Concessão de Subvenções de caráter Social, Assistencial, Educacional e/ou Cultural para o exercício financeiro de 2015.;;Transformado em Norma Jurídica
;;;;;;;;;;
4137;   ;2014;;Mensagem do Executivo (Projeto de Lei);;Executivo;;Institui a Política Municipal de Utilização Sustentável dos Veículos de Tração Animal (VTA) e dá outras providências.;;Transformado em Norma Jurídica
;;;;;;;;;;
4135;   ;2014;;Mensagem do Executivo (Projeto de Lei);;Executivo;;Altera o § 5º e acrescenta os §§ 10, 11, 12 e 13 ao art. 21, da Lei nº 9.212, de 27 de janeiro de 1998, com suas alterações posteriores e dá outras providências.;;Transformado em Norma Jurídica
;;;;;;;;;;
4134;   ;2014;;Mensagem do Executivo (Projeto de Lei);;Executivo;;Dispõe sobre a criação da Escola Municipal Jovita de Montreuil Brandão, no Loteamento Parque das Águas, Bairro Jardim Cachoeira e dá outras providências.;;Transformado em Norma Jurídica
;;;;;;;;;;
4133;   ;2014;;Mensagem do Executivo (Projeto de Lei);;Executivo;;Altera a Lei nº 10.000, de 08 de maio de 2001, através da criação dos cargos de provimento em comissão e das funções gratificadas que menciona, visando à reestruturação da Secretaria de Governo.;;Arquivada
;;;;;;;;;;
4132;   ;2014;;Mensagem do Executivo (Projeto de Lei);;Executivo;;Dispõe sobre a desafetação e autoriza a Concessão de Uso, como direito real resolúvel, da área pública que menciona.;;Transformado em Norma Jurídica
;;;;;;;;;;
4131;   ;2014;;Mensagem do Executivo (Projeto de Lei);;Executivo;;Altera o Anexo I da lei n° 12.866, de 18 de outubro de 2013, que institui o Plano Plurianual para o Quadriênio 2014/2017.;;Transformado em Norma Jurídica
;;;;;;;;;;
4130;   ;2014;;Mensagem do Executivo (Projeto de Lei);;Executivo;;Estima a Receita e Fixa a Despesa do Município de Juiz de Fora para o Exercício Financeiro de 2015 e dá outras providências.;;Transformado em Norma Jurídica
;;;;;;;;;;
4129;   ;2014;;Mensagem do Executivo (Projeto de Lei);;Executivo;;Dispõe sobre a investidura do imóvel que menciona.;;Transformado em Norma Jurídica
;;;;;;;;;;
4128;   ;2014;;Mensagem do Executivo (Projeto de Lei);;Executivo;;Dispõe sobre autorização da Permuta dos imóveis que menciona.;;Transformado em Norma Jurídica
;;;;;;;;;;
4120;   ;2014;;Mensagem do Executivo (Projeto de Lei);;Executivo;;Dispõe sobre a criação da carreira de Programador no quadro de pessoal da administração direta do Município de Juiz de Fora.;;Transformado em Norma Jurídica
;;;;;;;;;;
4118;   ;2014;;Mensagem do Executivo (Projeto de Lei);;Executivo;;Fixa novos padrões de vencimentos para as Classes que integram as Carreiras de Médico e Cirurgião-Dentista do quadro de servidores da Administração Direta do Município de Juiz de Fora e para as Classes que integram a Carreira de Médico do Departamento Municipal de Limpeza Urbana (DEMLURB).;;Transformado em Norma Jurídica
;;;;;;;;;;
4116;   ;2014;;Mensagem do Executivo (Projeto de Lei);;Executivo;;Dispõe sobre a modificação do quadro de servidores da Fundação Cultural Alfredo Ferreira Lage - FUNALFA, previsto na Lei Municipal nº 9.212/1998, sendo criada uma nova vaga para o cargo de Motorista de Veículo Pesado I e acrescida a função de Serralheiro dentro da Classe de Auxiliar Técnico II.;;Transformado em Norma Jurídica
;;;;;;;;;;
4111;   ;2014;;Mensagem do Executivo (Projeto de Lei);;Executivo;;Dispõe sobre denominação de Próprio Municipal;;Transformado em Norma Jurídica
;;;;;;;;;;
4110;   ;2014;;Mensagem do Executivo (Projeto de Lei);;Executivo;;Cria o Conselho Municipal para a Promoção da Igualdade Racial - COMPIR e o Fundo Municipal para Promoção da Igualdade Racial - FUMPIR e dá outras providências.;;Transformado em Norma Jurídica
;;;;;;;;;;
4104;   ;2014;;Mensagem do Executivo (Projeto de Lei);;Executivo;;Dispõe sobre a proibição de entrega, distribuição, consumo e comercialização de bebidas envasadas em recipientes de vidro nos locais que menciona e dá outras providências.;;Transformado em Norma Jurídica
;;;;;;;;;;
4102;   ;2014;;Mensagem do Executivo (Projeto de Lei);;Executivo;;Altera o Anexo Único da Lei nº 11.308, de 1º de fevereiro de 2007, alterado pela Lei nº 11.553, de 04 de abril de 2008 e dá outras providências.;;Transformado em Norma Jurídica
;;;;;;;;;;
4097;   ;2014;;Mensagem do Executivo (Projeto de Lei);;Executivo;;Altera dispositivos da Lei nº 12.583, de 30 de maio de 2012, que “Dispõe sobre a doação e autorização de recebimento de imóveis que menciona e dá outras providências.”;;Transformado em Norma Jurídica
;;;;;;;;;;
4094;   ;2014;;Mensagem do Executivo (Projeto de Lei);;Executivo;;Institui o Sistema de Gestão Sustentável de Resíduos da Construção Civil e Resíduos Volumosos e o Plano Integrado de Gerenciamento de Resíduos da Construção Civil e dá outras providências.;;Arquivada
;;;;;;;;;;
4077;   ;2013;;Mensagem do Executivo (Projeto de Lei);;Executivo;;"Autoriza o Município a formalizar; junto à União Federal, ajuste de parcelamentos de débitos relativos à contribuição para o PASEP (Programa de Formação do Patrimônio do Servidor Público) e de contribuições sociais de responsabilidade do Município de Juiz de Fora, de conformidade com as condições estabelecidas pela Lei Federal nº 12.810, de 15 de maio de 2013 e dá outras providências.";;Transformado em Norma Jurídica
;;;;;;;;;;
4063;   ;2013;;Mensagem do Executivo (Projeto de Lei);;Executivo;;Dispõe sobre a obrigatoriedade de instalação de Sistema de GPS ( Sistema de Posicionamneto Global) nos veículos do Transporte Coletivo Urbano e dá outras providências.;;Arquivada
;;;;;;;;;;
